286006,tester,2024-12-19 13:39:49
492103,tester,2024-12-19 13:42:14
983831,tester,2024-12-19 13:48:01
983831,tester,2024-12-19 13:49:52
983831,tester,2024-12-19 13:51:17
823358,tester,2024-12-19 13:52:38
823358,tester,2024-12-19 13:58:55
0149418,tester,2024-12-19 14:54:12
6423666,tester,2024-12-19 14:55:50
943326,tester,2024-12-19 14:56:21
943326,tester,2024-12-19 14:57:41
943326,tester,2024-12-19 15:00:46
360779,tester,2024-12-19 22:13:55
8398526,tester,2024-12-19 22:15:34
360779,tester,2024-12-19 22:17:18
360779,tester,2024-12-19 22:21:05
360779,tester,2024-12-19 22:32:59
360779,tester,2024-12-19 22:38:02
