077762,experimenter,2024-12-10 19:54:45
979174,tester,2024-12-10 19:55:25
044126,experimenter,2024-12-10 20:17:38
643920,experimenter,2024-12-10 20:17:38
232399,experimenter,2024-12-10 20:17:56
685030,experimenter,2024-12-10 20:17:56
064297,tester,2024-12-10 20:18:31
215578,tester,2024-12-10 20:18:32
623855,experimenter,2024-12-10 20:25:19
177870,experimenter,2024-12-10 20:25:19
702450,experimenter,2024-12-10 20:32:22
704592,experimenter,2024-12-10 20:32:22
811642,experimenter,2024-12-10 20:32:22
266499,experimenter,2024-12-10 20:32:22
210502,experimenter,2024-12-10 20:33:26
428275,experimenter,2024-12-10 20:33:26
568757,experimenter,2024-12-10 20:38:07
456430,experimenter,2024-12-10 20:38:07
644128,experimenter,2024-12-10 20:38:11
569889,experimenter,2024-12-10 20:39:34
872863,experimenter,2024-12-10 20:39:34
842462,experimenter,2024-12-10 20:44:10
899641,tester,2024-12-10 20:44:46
903201,experimenter,2024-12-11 10:33:23
903201,experimenter,2024-12-11 10:33:23
537116,tester,2024-12-11 10:33:25
537116,tester,2024-12-11 10:33:25
242536,tester,2024-12-11 10:35:03
242536,tester,2024-12-11 10:35:03
242536,tester,2024-12-11 10:35:51
242536,tester,2024-12-11 10:35:51
621620,tester,2024-12-11 10:36:00
621620,tester,2024-12-11 10:36:00
298091,tester,2024-12-11 10:37:24
298091,tester,2024-12-11 10:37:24
298091,tester,2024-12-11 10:38:14
298091,tester,2024-12-11 10:38:14
298091,tester,2024-12-11 10:39:07
298091,tester,2024-12-11 10:39:07
298091,tester,2024-12-11 10:45:00
298091,tester,2024-12-11 10:45:00
298091,tester,2024-12-11 10:45:56
298091,tester,2024-12-11 10:45:56
298091,tester,2024-12-11 10:47:11
298091,tester,2024-12-11 10:47:11
547019,tester,2024-12-11 10:49:30
547019,tester,2024-12-11 10:49:30
164635,experimenter,2024-12-11 10:53:58
164635,experimenter,2024-12-11 10:53:58
275860,experimenter,2024-12-11 11:01:23
275860,experimenter,2024-12-11 11:01:23
888547,tester,2024-12-11 11:01:56
888547,tester,2024-12-11 11:01:56
004807,tester,2024-12-11 11:03:22
004807,tester,2024-12-11 11:03:23
207057,tester,2024-12-11 11:04:53
207057,tester,2024-12-11 11:04:53
856664,tester,2024-12-11 11:06:56
856664,tester,2024-12-11 11:06:56
856664,tester,2024-12-11 11:08:35
856664,tester,2024-12-11 11:08:35
654668,tester,2024-12-11 11:09:56
654668,tester,2024-12-11 11:09:56
955643,experimenter,2024-12-11 11:33:24
955643,experimenter,2024-12-11 11:33:24
4391081,tester,2024-12-11 11:33:53
4391081,tester,2024-12-11 11:33:53
591091,experimenter,2024-12-11 11:36:48
591091,experimenter,2024-12-11 11:36:48
228490,experimenter,2024-12-11 11:38:23
228490,experimenter,2024-12-11 11:38:23
527890,tester,2024-12-11 11:43:19
527890,tester,2024-12-11 11:43:19
801306,experimenter,2024-12-11 11:43:34
801306,experimenter,2024-12-11 11:43:34
527890,tester,2024-12-11 11:43:37
527890,tester,2024-12-11 11:43:37
8768992,tester,2024-12-11 11:44:55
8768992,tester,2024-12-11 11:44:55
275680,experimenter,2024-12-11 11:45:08
275680,experimenter,2024-12-11 11:45:08
8768992,tester,2024-12-11 11:45:15
8768992,tester,2024-12-11 11:45:15
252265,experimenter,2024-12-11 16:33:52
252265,experimenter,2024-12-11 16:33:52
252265,experimenter,2024-12-11 16:37:21
252265,experimenter,2024-12-11 16:37:21
628788,experimenter,2024-12-11 16:38:41
628788,experimenter,2024-12-11 16:38:41
930540,experimenter,2024-12-11 16:39:57
930540,experimenter,2024-12-11 16:39:57
5284812,tester,2024-12-11 16:41:37
5284812,tester,2024-12-11 16:41:37
289112,experimenter,2024-12-11 16:41:42
289112,experimenter,2024-12-11 16:41:42
